Carbon Emissions (tons),Renewable Energy Use (%),Waste Reduction (%),Worker Safety Score,Employee Satisfaction,Community Engagement (%),Board Diversity (%),Ethical Compliance Score,Transparency Index,ESG Risk Category
143.63502971184062,65.85293712157961,13.330981797737884,2,6.559886511996919,60.294287647946156,39.53189169973189,7.066652659217255,76.31178700838782,1
287.67857660247904,52.88770930752963,29.385542632026116,6,6.430392115716666,82.67073597414874,43.050712712366014,9.93475409946036,30.870996743004966,1
232.99848545285127,34.76220930290622,44.282562614438376,5,6.424620660913197,98.40131632104642,13.922790815856198,8.297111169479976,57.365204194390465,1
199.66462104925915,75.10360157655589,37.95011988843025,9,6.724413666175184,28.840543781874572,37.224847955193255,6.096056638157947,33.3605647473851,2
89.00466011060914,64.77849380431034,41.295251653765234,5,7.235275560584536,96.1135485407593,45.46604142363048,7.951779000230494,38.43298502127625,0
88.99863008405066,23.009355147591304,34.64525150198228,2,8.134922997765388,38.94818949024204,18.36606520005302,5.72461330184252,52.78751250368746,0
64.52090304204987,82.8741747595074,36.15244540330336,5,4.388745040897501,38.55119047369223,49.031585871277855,4.602128237384493,45.03160511387459,0
266.54403644373383,75.80297943385352,43.213804320439365,4,8.275345871260434,34.03871042545057,39.188639025705584,7.177963138214316,29.613536058590377,1
200.2787529358022,85.98399306335392,16.235060398663368,7,5.987789775844176,54.14076073475852,57.61108928487973,9.49727468679766,30.2561841452509,2
227.01814444901137,68.0575606710688,27.02412336394132,6,3.039407953940318,15.41450431784871,12.121114910344584,9.503976640108238,45.088687289767975,0
55.14612357395061,59.07321567486319,14.954424881882101,2,2.9098565047078546,55.37114853580112,23.26630687777335,5.393336946738432,65.43697869653005,2
292.4774630404986,43.45944290324951,49.445060359849116,5,4.839668230872426,54.1704812410004,40.077693964991205,6.693742263551865,73.87787881086732,2
258.11066020010543,84.61827866832107,47.4826702858976,7,7.994278839780273,76.190181260487,24.827995610296533,4.481451289989028,25.04765973556297,0
103.08477766956904,79.28511116003267,6.774206511582765,7,7.45376654318641,83.36499619375856,45.721208203562114,9.969417766492185,43.58623445356406,0
95.45624180177515,13.617493608495153,36.75088276320598,5,8.020304752706846,44.044135031242405,47.95026412609655,9.86782535507555,26.014733823372598,1
95.85112746335845,12.10935795978016,46.63617428370496,9,6.1208833950912656,30.233324935149376,15.125798203323722,7.546562507952132,20.995548837955873,2
126.06056073988444,40.117069350243966,13.12589053073001,4,5.581392985688434,25.933489731709447,35.692723210338386,8.630898417742314,59.7031209586374,0
181.18910790805947,74.84426646254663,30.557535374868326,3,3.5321676869439877,19.462383670487192,35.44452777955279,8.005701128985901,56.14696651799527,1
157.98625466052894,88.98209034519556,46.19697339146188,4,4.797349275265181,5.764758219902488,28.464038510777055,7.152107533276277,29.78114682889317,0
122.80728504951048,22.033351288282255,6.527569036360948,5,5.538135563217127,34.244797883471335,56.646243128483604,3.373435978922284,34.02876998558385,1
202.96322368059487,57.53045722817081,36.383912026107794,6,3.1202030077573206,27.024769213078326,51.37531599366106,6.183350397868628,21.422465218671103,1
84.87346516301045,40.47126853048172,18.380705331764787,3,4.044283668978479,96.64173858664074,44.86046909548184,7.723504115171874,70.09683234166422,1
123.03616213380454,87.59315182516826,46.59782879194387,2,6.687577058446172,55.77088262500439,45.716331786749876,7.742721297185793,78.4814357629131,2
141.59046082342292,77.36951385085669,48.697621032441546,4,7.649641799674329,34.72770390305075,33.085807190655956,5.611858328956686,28.127572207681446,2
164.01749605425897,77.06629637689103,47.491992010104525,5,9.488432579750647,58.0467600993696,56.049726054828795,9.591843906606215,33.888512825917886,2
246.2939903482534,47.49545278359762,26.33963974958587,4,9.031793319404905,13.91967013456955,44.729771362664266,4.171499225657467,72.10457143681604,0
99.91844553958992,43.185560187013216,43.791919294519104,3,6.997956396746341,44.40437492022029,46.44905308279082,6.502516123508924,75.5878278773711,1
178.5586096034029,31.8725657544565,43.00472293407817,8,5.4487363730585034,62.62343214210638,53.08454518936726,7.8361878358557595,45.17764296840862,0
198.1036422155106,14.51003973207417,19.359521295946504,4,6.953241552957629,48.889783179245136,23.70357946710955,7.879950641242664,23.037348336144447,1
61.61260317999943,79.17779010040425,42.30119633678048,2,7.999561326561624,40.177880065432426,50.35354519333515,7.540472697381709,22.363510021569162,1
201.8862129753596,75.03208073040621,6.665343562197168,2,3.328353336463711,99.38483888996981,19.762030147824603,4.927017494163021,54.436991964140624,1
92.63103092182288,89.97741386289044,31.832144531692386,1,5.369334227874018,88.0314762148927,27.26709761224439,4.093445980806354,43.57370653359074,1
66.26289824631988,89.73094696591244,15.350397677946637,4,8.37861599944932,62.34059581594401,26.780522713492136,7.451582287786976,21.719145654659272,2
287.2213843133333,54.434536448210196,10.425509859977547,9,5.186830663531309,56.93773611822828,58.926273419457026,7.1951148129760645,54.9951435387534,0
291.40800826863983,71.51899321444084,8.462894073314413,7,6.503105898590306,62.06604798245841,52.82686118739634,4.255492072024687,20.678152195341347,1
252.09933702911528,85.58125839059424,36.33299491451629,7,6.614385526035387,20.131210782243325,45.058493079512985,7.935974018993943,67.24231748895639,0
126.15344229334268,77.97179125419292,20.294373369562976,7,3.7913337719354754,39.51377432643186,46.35283808076951,6.186203942135595,38.385969362202296,0
74.41802850159597,29.78784813945581,37.614504718794265,8,5.035648091566019,3.945953289089932,38.103639720128555,7.674324141222071,22.415480180553928,0
221.05825662803923,46.04353082480748,7.941035335952407,1,4.841579021193525,47.554603748682666,57.35453335542596,8.861569558391054,55.301133258989196,2
160.03812343490034,20.3327532121196,19.188065202377466,8,2.6833769597244537,54.302458395766315,34.81293764411808,4.188099000038462,43.86106486598328,2
80.5095587111947,86.32408218069779,29.277108156890176,4,2.669342347239487,22.77497361032096,29.025885493494727,3.1340140759778565,78.42802480142896,2
173.79422752781755,58.493970756070404,40.58254241775336,4,8.321879305730414,96.40288471655137,18.151766846579548,8.453718104770507,52.651919750222135,2
58.5971302788046,28.29142444027702,19.343862631943146,4,4.411495669809687,90.9454610937242,49.3102826130529,7.2678819760683115,36.514350862220496,0
277.3301005196955,63.73605475246854,33.16511193966541,6,6.126551363671708,72.21432354559059,46.72219660377957,7.897476987354852,62.56633187803848,0
114.69499540000423,59.450259236631666,44.86899867062842,7,4.591079015121411,53.33866287653626,29.217751926206745,8.867084824920498,36.28952015256268,1
215.6305710884955,38.65301744262724,32.713843468203706,6,9.084754715807383,86.99691596476849,11.259670697961468,8.619676543771504,74.25459748445391,1
127.92776902235273,19.08460737597032,15.48317636391352,1,4.315077312060416,13.065234382346292,51.949866385900535,9.726441028501773,42.483318230442585,1
180.0170052944527,63.72585564742397,6.098035170044211,8,5.507597689172545,79.0509794274885,10.570899172703681,6.751545551964828,52.99211376657232,0
186.67756983581992,51.62461607230347,44.15444932554185,7,8.609111753392213,12.48208139668483,45.18498898145255,6.419469428619338,23.03438622945373,1
96.21361388138176,71.78547133885115,5.957123488267421,6,8.39353496754266,79.42106625494054,58.512855486302854,5.8132103992351105,45.56727427713385,1
292.3961569411397,51.61308008895947,44.361575270788975,6,3.802709924923941,27.576756825135696,31.883066407410173,4.075837299909432,69.9418123796597,0
243.78320584027864,78.1745200254832,28.80217103122454,5,8.118503168569973,87.7090581018189,21.748670249797637,7.008250630174157,68.33892832180052,1
284.87473539104724,54.152547101958845,47.25804643308033,6,5.707308207165249,94.40420938253979,45.243550502169086,4.939087670281852,33.45911353121157,1
273.70683760691225,54.8750377228309,40.94524560981494,9,5.880782104597486,14.879596940511563,50.85640710077926,9.449152585490829,33.56474426063376,1
199.47499470277128,80.1322882126676,49.90703497400018,9,3.4343598069116066,46.267560506539354,37.32151580389237,7.082335629939683,69.03831873279421,0
280.4685587557792,42.27862929699177,20.782031695326957,8,3.0642105962998727,98.09873781626851,58.35176376280731,7.149881263556771,75.82390521015952,1
72.12312551297987,20.72121827605126,39.52347300190071,9,7.595575148816357,48.34074359731466,12.583436082898055,5.48447262613907,25.72165527638021,0
98.9957156047863,12.302614105067118,23.0868911124159,8,5.975228066487098,86.35475225145451,35.23977991522641,3.3639254638439526,47.00351836557351,0
61.30682222763451,70.41098045388952,26.594402913675896,8,5.557954918306256,58.87315221313199,45.9226973661275,3.2222063576109203,40.24725673785374,1
131.33258269081608,59.624764108277176,33.237745844826655,1,7.606557600566777,37.53299079196019,53.13202355745895,5.963346009072382,72.24130732744635,1
147.1693224223705,66.32638144793788,44.315470138385244,5,7.858590292937768,28.57835555258702,18.962780595389503,3.591957646680665,25.011494880801127,0
117.83725794347397,27.037132920712857,49.28375611396828,4,3.612357173685475,20.322309108608728,50.00017408818407,7.2479286887809735,32.66755655348224,1
257.18437728798233,20.90971804694158,39.572303623903316,2,6.771576046343489,76.17981913776973,37.635353785927265,9.1668110394776,65.14810025518966,1
139.18833167339733,11.163573253430554,23.79950519753002,8,3.4474785759437987,38.65405068230279,29.82768409949816,9.180403715631055,23.077630938872936,1
120.23362742184518,38.04700470452776,23.961065102468158,3,7.75962560220332,51.12754622007512,16.58575142895468,7.613317870925627,49.55212284285736,1
185.67402078956212,57.193414948370645,38.19120357150012,4,7.0986860938699765,49.23254800011819,53.26478794544562,4.478622820310517,46.5264220807832,1
85.23105624369066,41.379523607978584,15.744971559573605,7,9.196302347584206,57.727902923313124,17.863660408985766,9.040977819512104,40.06407073932492,1
250.54924518850993,44.99799376189833,9.97133509091276,9,2.982706114494948,86.55771456245522,25.489392960454964,9.202654047192457,43.67433891913542,0
68.6376609199427,82.33269555949987,20.957997093834944,2,2.8993830480587803,98.07393435834294,24.502276598121846,4.376575094670711,51.79643521581397,0
296.72173415012935,37.86043736186403,17.92575462443368,3,4.475309522852401,40.758420857381694,53.57070170954272,8.16198260039474,29.682041503302987,1
243.06119232416435,51.119159132784866,18.333865420519555,4,4.331939786151342,82.7518922106303,43.6351497104449,5.00563684248986,54.319752697015566,1
99.6789203835431,72.69224101929144,15.512348797245947,1,4.2288515935039985,76.45277946547176,49.834069859568615,8.618482186470509,68.32593975799918,1
51.3805292809006,41.72342258570161,6.894193533636285,7,8.843782063647257,57.352895145557326,22.52339493962495,9.980665299325219,65.60965578740954,0
253.86535711370854,59.76693601822988,5.804327063003622,2,4.2468233989465425,95.60471436119332,41.243704980349946,3.2101820373057497,29.233994281626423,0
226.71433596190428,78.98909669973962,49.44750753812142,5,4.403648082900417,20.04745155284028,38.58729915718743,9.281561060536523,28.954968184488436,1
232.25179201024682,85.96164989261138,24.249791018113804,1,7.815787836925746,10.92642103096214,51.64151883941356,7.358413735190607,36.0904620646948,0
242.81758667148642,21.765878474323035,22.294699122185676,3,5.64817889715378,85.39619669554222,55.304353024063026,9.813678334153748,41.66448358046223,1
68.5111629335226,84.12701001291956,35.58412772118814,2,7.936973898686269,43.91498166337483,10.60783857386934,6.255066622684993,44.50733488450896,0
139.61643213606817,49.369303446363055,14.821424953927888,1,2.957563102950697,84.69688542070605,43.700995952939635,8.931715513999617,60.78183301000072,1
78.96726488128243,30.659551063916666,47.74825327776014,7,5.91299835571369,89.30902051954149,12.591789955986451,3.4367584801879407,23.400825929950123,2
265.7758564688984,46.7308604990609,40.38552564869984,5,2.7352952012829785,6.245759361907144,37.44293325386779,5.34695335054807,22.080362253563983,0
205.82453170688947,88.40260602283817,9.023495104051678,1,2.9385724241874818,88.34647629860606,24.381636452183912,3.46911576425847,43.51463377663454,1
132.7245062131623,49.40944751942957,23.791134910321777,6,8.845062173410877,44.831905536942216,25.33882997610706,9.827401934353494,61.82982152827883,0
65.88958757150591,36.300128823000655,44.560323840297414,5,3.474717597823166,51.04324890042322,27.64792517261783,8.718817350902857,31.606120577388953,1
127.74558042891555,60.67206834533806,47.51294100311346,3,6.22694477592652,62.659251109321026,41.064622452480506,8.967831948721793,58.4902688753751,1
131.29583050668674,29.211649502255447,26.033068006244136,7,5.377669218204946,92.63826067300867,26.70249828343846,9.56575662003726,35.58968827641797,1
232.40154458451602,16.06906624869311,32.60351251448185,9,4.931403283811899,1.911609442976403,46.63495252951402,3.5957244028384974,73.16516652881097,1
209.38936783880328,20.310377752851938,12.516527574143385,9,8.798833419810908,47.68434683178171,30.226369278693486,5.699183147593334,73.741396655997,2
271.8031856440816,20.243667116621793,49.60258817616394,9,2.6527637774284267,68.77220424305607,13.41766001549793,3.497244223308015,37.83723225687959,0
168.05373129048732,22.15221548098355,15.425226562254952,2,7.146527803229124,72.27069576982285,49.187992124205365,4.4755517108502,33.79962523779443,0
79.89856148457542,21.10617381195281,47.422929836080655,3,9.243761039494853,69.2532431537108,24.2879162296353,4.605560439263707,44.67823832397387,2
228.31119680574875,61.26997958425717,34.23409920465658,7,6.421177284232893,13.443512940812186,31.638343979963132,6.283750477333051,34.431895110808924,1
240.19626215422437,24.550406751931586,32.34815576954866,5,9.057757234231643,29.93955883716812,44.27219416109508,4.879935172175498,60.34303059750222,2
190.31929939237406,37.65338266590906,28.070982995742888,2,2.8658051550021666,35.87155254170135,26.6228078574356,3.7068467477243274,69.56388107289713,1
242.74179498864024,81.74307279248094,15.380141527299141,3,5.43155323351913,80.4437207679505,12.829282807335781,4.1724376236587535,60.38552785467302,2
173.4488990910977,47.916931221029785,12.943761440247872,6,4.321104536734358,27.875987241455302,28.69605235064068,4.030928944864637,69.46102683496096,1
180.68320734549852,63.40461908168217,14.92187940815789,7,7.615746754865109,21.070496386720315,57.22242913471517,9.811537585386088,43.819529732448444,1
156.8852545896374,23.785589696130387,13.389721796491454,9,9.369079633480727,95.74480190380962,42.08671986492791,8.315047548429316,29.37901824253165,2
56.3547816860238,25.383121504693662,40.081301310503896,1,4.295710437109735,0.88632851134689,43.57395743336035,9.774330256886934,64.27705684385552,1
76.97285674832611,13.269489301318309,20.755636662502855,7,7.079222210318521,99.78208556819781,41.61410768188199,6.078183405555359,41.628470308493235,0
57.857296421683564,23.514805045773166,7.6029204453528365,8,3.8866834293181807,67.68212988573956,19.949606947971837,4.948579371638596,60.27624951374795,0
209.1026028159451,32.287227122556686,48.60961835633651,3,6.45731178200127,82.84692994491171,30.916693205114008,8.588052380464307,36.23863651890594,0
128.58899526908166,24.160838742139745,44.77036482335416,4,5.747527406818353,29.461939634619316,47.54698991816591,5.283777426288028,24.87377808840036,0
177.1426727911757,17.096202700564447,46.74885274378458,6,9.30403730742076,1.4315277667059978,15.068644877657958,5.095683615937438,79.5549077292658,0
276.89161848152327,19.650869688048065,49.77085201908959,7,6.759690908875266,73.78695185615301,23.892638804485614,4.627541945454818,29.372090475835957,1
112.32305728721875,46.86230144261806,12.825286214876929,4,4.946544604607731,83.41445970006758,23.81595542329268,3.9077528475696477,79.30525963780886,1
152.59573075890745,26.5066974724634,22.830890850619642,8,3.298670494215534,74.04761319535191,31.6009463797253,4.795241427117362,78.63679595398685,1
238.88778463576216,39.14158888384604,39.12073140668411,5,3.558727801144542,14.285028730083859,59.01843704710925,5.487238239317214,67.62908623448237,1
107.19954137290561,50.27338166838855,36.32092781242065,1,4.077218509658646,75.34279222569691,13.375127334191097,7.717959457020113,59.565377724919855,0
69.24497745719825,65.23158629034923,11.925315785293478,4,4.256766629382086,76.8922782107641,35.93504971902975,3.437953895536161,54.66842301506508,0
122.43786322844201,13.144971187287915,41.712490624577796,3,8.454312404887965,65.85405156700548,18.968234100610523,4.4735485776574,71.96609272267008,0
90.30532181350111,73.95283191272341,15.09982573264973,9,6.428559517977675,76.61159327955862,58.53382727048721,8.663165482041734,37.36637129716928,1
282.42441308564327,60.23203115927262,15.07179266701804,8,6.163736379620565,84.59214396777321,15.66517523637321,4.028453465086395,48.060872749092624,0
252.03009489110423,16.540722555909753,29.16384903020361,1,3.3033821030845223,61.360411423745845,30.180050118079564,5.398516025657651,57.163398161990116,0
208.35093912760587,79.88628992854218,31.682297067876643,6,8.520977853446045,8.860471396967906,46.89424924173031,9.05261245300698,44.671428552169466,1
267.8651475469294,83.66979204254505,31.103879352701505,9,7.559700122459386,48.76278096672109,45.227721401372264,4.084477178004098,45.64918724541608,2
250.91801922477862,14.8862367883891,9.116907682898969,7,2.973678533300011,7.764933467160507,31.136431844696613,3.5791578493273293,39.817080050125064,0
96.64251472150896,32.1502118517763,44.48573881836712,4,7.454845680608381,40.75430310324308,27.326208397635913,6.391765965560076,53.85390900107216,1
273.13974962249443,74.4961023834449,16.952001916491774,1,6.304767521398523,40.71064891256276,29.88061892764353,5.116936578949755,71.03447168090696,1
184.83556047891267,69.86077523069267,10.828171457726189,2,3.0720774202274477,6.600984414024158,23.213813157931966,6.943858551386979,32.09170268037877,1
251.86003879101563,24.761681548510186,44.99366359410397,5,5.708104490700595,34.88205339694793,20.266646935339992,8.626634233384326,76.06598232520648,2
274.02282498087334,26.747945866936824,48.0043174203389,5,5.892874009910329,11.099809879131485,34.1519848779445,3.9600394170692024,61.34525922489378,0
129.50086874296596,39.63776822331056,43.795742776945275,8,3.6604217811429303,80.82352100092221,23.426687803380368,7.064893591879995,69.3963927608018,0
77.51298113191919,48.761838815281706,41.42822336261951,6,9.119887029001976,94.76880259644707,24.373083244862507,6.5385613227290476,53.3714415578007,2
106.98379063548542,59.460381722423676,34.48588912875598,8,8.449827600364634,7.231647525793861,42.837803173727856,4.008551502092397,66.77100208544381,1
156.77694715656406,39.51309116558179,29.78858167741127,2,7.183156361303758,95.51152072917014,58.42686658499461,7.367989398702877,20.97202384036803,1
254.50369148062327,47.002777290651835,8.914404196013457,3,5.736068927004251,52.25765993367452,40.18186002796875,4.915482925025401,69.1028254867721,1
265.18264581408584,69.79767505070052,23.380394588181442,6,5.382358791091559,29.95656779538739,13.848973353248315,6.414840229808087,22.408331545121992,1
51.738032632797676,12.934656231247832,21.77098326555413,3,7.056814270056679,7.686207527616351,13.779180692703349,3.5759062699394333,73.39480258177176,2
177.68682564439143,30.19495554752166,16.688920269214677,6,6.318023085848338,50.06242680704178,57.5711610422783,6.217088400495362,79.5177648343186,2
154.35275078719474,67.0679668707642,37.553905115986325,6,2.935911741173199,79.45155444907486,24.86453951536668,5.145244276299742,37.64404773060667,1
105.52695261768255,81.61654701497595,27.314408078544687,2,6.087518541392322,70.70864772666981,14.603349304123771,8.756668478297481,32.61911337714762,0
79.9663418334207,50.93419536925329,8.647079715844157,7,8.144825320629877,5.022601146397376,39.95222935751907,3.398851088981578,65.92180183148244,2
134.403792850907,52.569078821225254,14.90824408774151,2,5.7146791431787065,7.290183536790352,41.182438914513305,5.930250924428309,35.1815804552152,0
285.72742597812976,18.573760907182084,35.74664436468181,6,2.863696042879879,40.28732826326371,42.42524100593441,6.209019968920066,71.9337429903322,0
130.80073300518882,45.79298934587637,8.425888677063508,1,8.003947395688233,29.52904940479433,23.370101392877064,8.075042534093832,26.170555529448603,2
179.6976554358415,52.60938131640185,43.30431113219459,3,3.9095464749518207,23.238432305604782,10.755534210723752,7.020013025631477,27.557311782761495,0
225.75473972379447,29.397640290778373,27.281593715628844,2,4.310345844216272,28.10044989087136,58.25076847272359,7.670486360359267,78.74909330603694,0
140.9074005948235,31.539458475950475,26.62639597969916,7,3.6529444740260715,80.34827432968846,22.544652284555124,8.439344999562293,60.43033389620028,0
292.9455206802402,40.18273304836981,31.65835030967829,4,4.811505454100483,92.92280536318539,43.801314402627376,9.03542081560732,70.81323346573717,2
290.6118237355278,11.60569582221811,42.110643466631714,8,7.797260539820445,40.510269452756646,45.331493493935476,5.197128477057293,39.45976264109108,1
112.94557395634104,35.76633324665426,20.65141435559869,6,6.135701016527562,90.61110021324971,40.50037085397429,6.766158937547321,60.58902497123626,1
174.31212647309636,26.91584055972357,35.510726865157864,4,3.934168919054988,32.1495701247882,25.64536971068241,8.880756549074398,55.65450963851583,0
125.21957745419242,36.19978817423317,30.4579383798106,5,8.644810547064285,47.64369863437916,23.554812688203288,9.926157916755395,56.18900720737682,1
121.2101235943669,19.580970545540097,17.01627215762396,9,8.657072984660704,22.602899781599973,39.883414135135155,9.226635177306342,60.95194757226329,1
59.2217368386332,81.2421824591916,44.53834938598211,7,8.594048975322048,64.0476042175844,53.304781680584576,5.600270838370637,54.52155038774591,0
202.39108349497423,57.48739628432389,40.884170972311765,9,4.171573479670775,97.89811151748088,57.33668644616978,4.366165620530553,45.74374215815996,1
175.66975580721538,64.32818553155917,34.630332559629146,7,5.658675409266917,60.34930960433786,15.295290220187882,6.425747761846122,36.55536166283281,0
62.86968781249734,73.13369908858706,43.276177809240885,1,9.394927592986125,35.78140841135489,17.741430629885993,8.191490162852297,66.11487985479212,2
119.66161605915286,49.87537591432458,44.02823904319111,8,7.904087334169932,64.78174459905284,57.236812939153985,6.447983495273084,33.57634580019117,1
277.06647149166344,16.953623046993897,36.876333952176566,4,2.690171948578919,12.292067846538757,46.82676141673963,6.3822660431956795,61.54125836926485,2
109.89047266674311,52.968523345483824,42.66559977636524,3,2.9564321388234442,88.86590802653987,54.149691241488654,8.867612947572603,33.999969358959596,0
86.22371802280577,56.94728944167033,36.38621577511776,7,5.747519637686329,50.30839507798363,20.13163170676716,5.529826453470305,57.51981019726723,1
172.36319006939075,69.6351579347464,35.606334729213515,3,8.864541441030921,44.93497420396421,39.37929355547009,9.01856272368152,64.82469602774174,1
296.41261352765014,44.53276369837435,32.837512019683295,8,6.270912585669,58.58647884535192,45.056979720873684,5.847633606662065,33.122833334392354,1
110.51381787787511,20.2064242236451,38.872248780093855,6,5.984687556240031,62.47838627894025,44.00559427234863,5.297631739748375,23.596598051678498,2
218.03388685146965,32.702072463897956,12.137229738188317,5,3.2383158996964143,7.177580622651303,30.407584543334906,6.177929378397893,27.858424579650446,0
240.4049038321794,39.046583711890804,44.63918416395178,4,7.097460733070058,68.26172212234025,10.769744584565423,8.33712871072408,56.35981803626153,0
109.4093859980999,61.6733793065281,44.23295874853544,8,8.254722124201578,24.193168031552958,39.14630284021315,3.88201419504796,70.96678437354413,1
232.05408715296488,55.662264373512954,6.316127736555162,8,5.162940052552936,71.39526325065899,22.655076958980437,4.374934511104122,22.699809274125464,1
141.9457831798133,38.4877380718277,42.16175377541432,1,7.929282956477293,82.25347943841967,32.51271230714452,9.660113779641645,64.04907554249877,1
208.07645764839486,88.92121990343837,10.799144036305034,9,9.25133657730568,80.39585075525203,57.879050754190864,4.228441391669501,40.47911875700313,0
208.38242769022366,58.46198554855097,20.080348441661386,5,3.9263652138938236,55.25009674078891,29.951765882121737,6.974091225517382,48.711702195171355,1
183.94367101868963,28.97814333887956,38.45787153312235,4,6.163307418363189,52.016989231075115,51.990080333221336,7.055201266633565,75.73157299073394,0
72.57244251360208,18.1425978096323,12.23419532217387,6,4.509965706592029,14.287596133941172,19.427030287462557,6.427371234351714,39.91829028415073,1
258.82562389730947,22.22873113474656,41.8085160853578,6,8.049980933236876,77.53461504031355,43.62302490125144,7.5132167400377305,47.92021603636916,1
130.19501624293395,29.67661827076065,42.446038008098384,2,6.543153561168102,27.140938044671437,58.85034772194717,4.608787080583329,20.820944885640866,1
96.62962759996356,22.854509860764452,27.83604801923763,8,6.942076922852126,49.669542281794655,15.094655043646839,6.8686358744372376,24.8959232002903,0
60.19378538869098,24.92536192410446,5.287364227257511,7,8.085399117311258,28.42740929275167,10.415997111359601,5.605212786728281,35.51549546808704,1
197.72323579706045,32.807613495507766,17.916715992871076,1,5.271793308637184,13.382836299969314,31.67913963163072,7.6316708174043235,21.671134449264464,0
219.3910904605706,23.869887623580386,32.7617113269084,5,8.905630478849304,62.95576968917366,14.63127415256836,3.9885648036120465,57.882519562895055,0
54.14695723196404,81.74123397011401,49.153378011234054,6,6.231202070722979,5.4332034822903825,47.419217483811565,6.996141917876334,45.58390140809735,1
178.02326457482025,16.418699652931377,33.43160871575007,4,3.605683759847436,74.86452341262,55.727433192427945,4.296892487683266,52.88871216368132,2
106.6239437994845,51.960911165620374,16.691161147887193,2,7.371293827181617,31.758679526111667,31.701048635437942,4.950501441805255,30.478831153779772,0
211.29319760236245,42.83174615917292,33.53025663948251,4,8.05282945306778,0.013469300448532007,22.93558210777205,4.530968602265083,37.75592176619696,1
93.59160725124786,88.59028935268852,29.299342087213496,1,4.717331739472687,51.11291392372298,31.72016595033049,4.27986445908172,59.82946849116351,2
222.73443452561648,18.963112173444188,40.093042781801465,7,8.500254798991271,4.6851908527603126,46.17239089250005,8.77997666092467,77.91816341782399,2
146.68383657513436,41.82844792365933,9.814128747213129,2,8.843002783360365,27.616955782089946,10.45270807901855,4.9999529736262325,23.025006416132552,0
284.1824971841836,87.55763466202951,39.24625561259126,2,4.438331411644663,70.69764874557161,39.47269947423486,9.489866473051144,73.42305925131596,2
84.3802360364983,79.24057007151842,29.356996040424963,9,9.384650309006554,6.268962162186586,40.66458424436895,9.789485677416337,54.61287207867251,0
135.26658776256463,75.3657656759424,48.33464017365476,5,3.484980696341309,83.93384923560023,41.88441234479677,6.998823289559681,53.83517400533742,0
78.36838031014727,30.632226163595185,20.384247471740874,2,3.9141096788174297,0.3819922658583108,22.10110399904386,4.001007858660085,50.01671211246562,0
281.1734045696407,23.671006991205267,33.467985191027665,9,3.789573874666183,24.682386920190226,45.70263616890634,5.621837703657069,24.163645154251004,1
269.33483834524526,63.49145759395448,46.94126474795078,9,8.757927970055093,74.09040561520715,14.56957431658882,8.584125843437498,25.39261110416964,0
114.4854069287889,84.35007913020686,9.612937759580566,1,7.080047866274733,31.627014972930677,19.96351682334004,5.5717351008794935,56.05472033954516,0
214.99601150854477,54.541031441114384,47.1752819256403,3,3.5647299825559102,10.189238806601352,53.873502332724094,3.6091205281195213,40.4575142861335,0
254.30555005030396,55.72901515759199,35.9548575035366,4,5.582263928578443,36.02339188004279,46.93615753632832,6.897494376497315,75.03608399466084,2
188.80020289986558,32.39832749282273,8.052667659732736,7,6.807086175488614,27.039328638452552,10.687277700567263,8.915845960472243,44.39543224156834,2
182.41264458900162,71.55943465535495,18.543360512606732,4,3.084248594925683,84.27119021605549,22.41881301849001,8.571484710004516,28.596887522158465,0
110.46307272511292,24.96349988460187,36.86774398903767,2,8.67691457885137,31.334791758514314,20.72032414965823,4.225861980912473,62.88313001012216,2
73.2756919514748,35.89433891233949,8.030777066094727,7,8.125224748090746,78.89324717760073,23.540316401848628,7.709352300887267,37.60120528646059,2
274.3039394883317,44.034915089313344,31.197670707932296,6,6.036447415036468,89.18721448107347,22.37798851399432,4.54352984404953,51.52821844135359,1
275.10451429083264,50.6088302947564,20.564737562883053,3,9.269886306814193,43.381741957652956,13.126314787142288,4.527452741865206,61.8699671303102,0
208.27536431831697,29.39277859320642,32.94119829953647,6,5.424326854925698,90.9943143854392,32.94702582984102,9.118502413136296,74.01584667212423,1
134.75744776217516,19.186945979136283,7.058391521563078,6,9.388772233255484,37.73180539631929,46.63667373930826,4.747682669181611,67.53147168810057,2
137.3023936531652,58.849603395330604,44.219156276856936,5,7.17543999162539,96.40784164901082,40.33658623587182,4.842731425626078,60.581664072363445,1
231.48891971755984,33.09044425922046,48.80700361298286,4,6.94269891277759,8.928952452557294,43.64358342990399,3.004573735329097,60.777990943708616,0
274.27756498814426,56.49905771380898,48.59950348785612,1,3.6616842670704948,68.70192665032427,14.057458926811957,9.094683238878623,76.7554786419252,1
271.77160606627933,22.349017221936187,38.734332428431614,6,8.673494308132508,49.38140404569287,57.57453550883936,8.548163692463943,37.74944584979217,1
244.96888646440595,48.4912081483854,10.85388080587844,2,5.492427815444306,38.76488054556471,51.92459169215124,7.391302545634746,20.066725651771243,1
210.50791153857193,52.60715460412687,39.12184381680601,3,3.6356338404773556,63.27118787486009,50.254515924783135,8.251860347571895,36.317273563891916,0
71.03499124876221,14.145882945794153,6.106411240646068,8,2.5882526398303134,70.38570916343312,51.149190252088374,4.064339971971442,33.07348277760464,0
90.40717852365344,36.92834225551365,5.995559818804876,6,6.418289785468678,0.43632696503090873,56.63552540663807,6.208265162113028,59.71007510683989,2
274.63854713176977,20.75317415511794,19.56245986172936,3,6.191797354858734,16.69530887471987,37.21269830568488,5.458535711441466,58.02269598593174,2
201.60726491489748,15.06999763782142,26.988943568209958,7,7.53547535658411,71.30460506343186,20.014100893381297,3.656435683799115,55.60768296228343,0
52.29926290415741,89.19681859119562,39.66833380135069,4,8.731806371124616,66.63854135782064,40.83918039262706,6.402913396504468,20.974606592567223,2
75.36788571650803,35.788307597977834,35.748291947292735,9,3.0558460925012065,96.60475051286772,47.14407468339695,9.445177552398448,63.72668326703885,0
215.87544227701395,74.7899556683708,25.065621786953674,5,7.620475432382537,76.1037790250783,46.89586966770127,3.2804138333548614,39.411824749129494,1
51.265395961554674,30.371252381101108,17.313199982674966,3,3.8118836086830754,95.0772707731338,36.072451208344006,5.040226394456557,59.90335934039786,1
90.20201285437466,64.52021777791434,49.870602507097004,2,8.507239372100148,70.25405015348069,13.422935966678903,4.452786553439925,53.3947057101292,2
187.18344734164654,70.81822879117493,24.178158600618783,2,8.233444597031593,29.805220863944314,28.55564692150639,4.667026575659874,40.56385552567443,2
222.97379942317332,57.651099248627546,25.312416094835395,3,6.285556284898811,10.536492225085647,56.038330423167864,9.359041863155626,28.074576026246465,0
212.99031487565014,47.72609508401267,12.363071953625113,2,7.471699590363181,78.18238633449356,39.2224454878713,6.27648337964003,25.665133859628856,2
106.06732736513995,42.947273131781486,40.76642969374682,4,4.700450792286238,64.4149221475916,36.91659716278567,6.264095890578732,69.89109998673342,0
228.04480533688397,37.90946132343962,36.21570016016699,2,5.798175292529702,4.818601239329623,23.442675719109676,8.324029497186977,75.10385252489348,1
109.31227187420001,84.36233153982607,14.934632575494218,9,8.251458283973301,36.005046590097834,28.422445995828944,4.081445428034481,58.98728280585797,1
131.34992453981693,76.44955262301833,8.707147052712921,2,5.714856380212497,95.67998154842861,54.76730445765846,6.410857478700356,26.206046891629,1
236.62285127950602,87.20215285332101,35.622468593362086,9,5.004587857278093,50.04011457102012,43.32315237634179,6.009896498847418,44.12163301329444,0
212.40822476180367,19.943777878843576,34.45300464265108,6,5.959487130752099,43.272913601970465,49.36935133761664,7.178374833826593,63.73635200630943,2
262.3058526235445,68.46939801629154,17.29667871491942,1,8.297744767060529,45.7699605159294,32.717271153382754,9.99690392275307,66.78925304060408,0
214.40322307508583,85.06723654568303,47.788860301268464,4,4.846456331596109,20.88827240051637,41.5123609728079,8.38614225857433,27.093117337465316,0
192.0771508338679,24.498645293252814,11.79760513014051,1,3.7163311519502065,36.87071708647952,22.419180437160378,5.78505992112199,20.001843130722946,1
73.41869195702311,15.3197013893422,24.455066046917086,6,7.4840981423154656,36.98132559871766,45.27304151417432,8.792871365918328,62.7282227528363,1
141.92895076485837,69.28965194320472,47.46271640754195,4,8.281847488956572,5.2355020187472405,31.380066685166867,4.1949585431873615,41.395770559172334,2
116.30059192043136,55.95784905439295,23.887729261675503,3,3.204462349664733,76.75676285179182,32.127275740737275,3.213245804162721,35.268879897095616,0
110.9974108447709,77.34630214066176,33.73366764488385,3,4.179118789291613,41.6504431903879,42.466116228844086,4.4311386072499115,20.773848187371527,0
293.2526386881114,21.18179013010316,22.891747908325744,9,3.4938039283269573,82.21798868164232,56.81403107344633,5.382880892799818,52.41796440568998,2
148.2744311666901,73.62138494879122,17.339684105690154,6,4.935589881075167,85.03480011198954,13.200317330431046,6.574065302216919,71.0690441255589,1
273.0116387942783,26.130185603819562,49.27899415819227,9,5.652456852337888,21.199405469865805,51.23716186735038,7.305903983788399,77.45789877635528,0
207.78465649931573,23.09247542925636,23.420030284176935,5,7.741784358743145,65.73534821701286,24.619155520609656,9.374240020500952,53.94469703679735,1
248.7028258854121,23.141263834479435,45.23446416556105,2,7.058033094171719,47.22818041629817,32.195972725318896,6.568978066853203,50.86767966439365,1
175.65927327629802,75.16597761851057,15.347957265098879,8,6.846499972349018,88.0156737921485,11.095666438750447,6.508929512380106,25.103383129354466,1
194.22597115658976,63.21577765569601,14.58971168112875,5,4.966624626267581,21.57406791764541,25.052303891715653,3.351701068760875,52.93236809255598,1
173.12942345471598,51.845233981529546,6.401033729803011,2,8.39013287159332,67.78132003100443,35.13156213150653,3.2443808685935664,42.79874473792368,2
98.81074694951113,38.7064387298802,34.325007141914824,4,5.7990101717871525,60.775212225272256,12.80880386737195,6.858119733414604,56.428116853014615,2
230.61302881537634,80.17604326504866,21.58368546756925,9,9.35373456610608,29.53014775718328,34.55478646915826,6.067250292738412,43.3235808725928,1
120.19309061021394,41.395608593810834,43.896121242783664,4,6.938994968070158,13.660090365117261,56.35553144292137,8.87426276486209,34.417947407022005,0
56.07899160786346,75.32795515772617,26.294445801120073,4,3.3838531909515193,65.16397604772766,15.26966090539026,4.124757092982916,25.69791651370259,2
211.36807397679195,45.13079268561747,48.568704256162476,2,7.233242934528038,73.85974581323308,48.22203640377522,3.1748016348193473,38.89510667533374,1
94.27766985176223,40.155554353992606,13.348648206640451,6,4.775728108021893,31.562734376335,30.483552668799632,6.143271375510881,25.798690057265137,1
285.1146460882286,47.01438285356851,44.088042558002485,2,7.304290376802682,64.48326040223138,42.7586857262169,4.662349897265802,30.613817049439035,0
288.48214425064685,34.110229933131365,39.94685837562838,7,2.98748803713684,39.51309076115032,23.011829899261468,3.3473006133718624,79.24016951477276,2
278.7160975551121,69.80875041410009,39.69148300898234,3,3.7241700602317156,71.32068832826177,17.974613127067915,8.072188007933402,46.64621341439712,1
142.5396750638611,50.217631207398334,43.01524526525994,3,8.490160812340505,19.92152748940531,18.023130713561322,3.781150999700732,51.91230599030099,0
53.864154132216854,28.577015611745384,39.24607959243495,5,4.090256899164604,89.02150026361744,13.524597282157233,7.258236500054402,72.41711172423292,1
282.07964064693135,81.96596586196547,33.17991447341369,3,8.35928787670058,28.74095964655797,19.28233524506215,4.967348251168224,79.73413402944126,2
157.04603707932858,40.711297709856915,10.90601949570744,2,4.454932619180873,36.77859877561529,43.21096924944841,4.214472352485155,54.96286696068089,0
291.6637047609174,53.48422888911909,6.463678077106336,9,7.000173370410954,5.8091952080349785,54.084530592175405,5.658260660435222,68.74842926265029,2
290.9049942723132,82.51776887716376,46.43815315170591,2,7.359054014568817,11.15122123212764,50.70628427955809,8.610120433560676,39.61646146020051,1
263.25236386684,59.93903967311937,32.74926415343322,2,6.08858327201537,51.58619027123281,44.25671549372421,5.744655038332009,38.34463744683747,1
123.61222301739642,19.351843256669127,40.84417809392794,8,4.637174736877119,26.75926767279715,15.521593170555134,8.25538754447739,44.16222325967361,0
146.27443215048132,85.18656988907802,26.66850581806475,9,3.988510634597673,83.54802257421944,24.45937231479749,3.878404077594055,60.35043576041895,0
262.78416787921424,60.216644245713425,10.278868503307752,7,2.7323254819369835,1.4693388654953843,25.49034376612345,8.409399937655554,60.931501355305926,2
129.23050128906942,36.79244917256689,10.63336064911477,3,4.627624808685066,37.90940486719362,22.49784731988106,4.65853327434654,38.91436607896705,0
92.37318667152311,21.141765813070982,35.85043792530371,9,7.072139533718981,33.73455467690927,35.75028298548615,7.74175190922211,27.992595448197722,1
189.20031561458754,73.52201514162368,24.36376527047582,3,9.06813372913938,1.9327630917601035,36.77769074398363,6.960470883886974,57.943775387930515,0
284.03869354019525,59.60582047428108,14.023612701515152,5,8.598431375841365,12.436839900051023,27.84429875855551,9.50401302048181,27.69955173132587,0
224.00744916874325,52.67688735810572,27.12175460336466,9,7.862453435747118,41.36426749186353,27.6894579368218,5.711257625827198,54.70955049375981,0
192.51529252234124,81.51140664407662,7.889402168381034,3,8.019131402773091,49.28645844474466,51.42777989530407,3.4631563218410832,61.60532768337854,1
74.29412344269213,73.08777689796246,31.188713086147946,7,7.154894324331967,40.42897472548691,49.46464241598428,3.13408839885877,62.0366897836671,2
203.75180667479245,22.133990378620094,17.104703199579397,1,4.322008002962021,53.093767841209385,25.389791584037283,8.788009926809272,65.2083266395758,0
297.51346252606584,34.93776542364386,40.890159528673465,4,8.850365214940808,59.51316749056815,55.68942219366296,6.6731494636300255,72.37156529393988,0
85.021003809131,29.87913118515726,18.966288151560818,4,7.195126183340839,0.992382112783563,57.6407508501253,8.426708362844645,49.997539517887304,0
179.58241309093418,69.51570340581415,25.484906708681052,7,6.423084416863079,46.409515945350385,26.33712710150204,4.6409792000806025,63.81495137177427,1
269.3432679819889,12.68259477886235,5.522924295864529,8,3.2769262844943676,96.34992408875883,27.721247439652743,5.415586218592637,57.150364121950204,1
235.1921544385511,55.59117478970532,8.26010995075515,1,5.629388806644978,51.90322801295487,35.28170767109794,3.210727105479233,31.198396387860953,2
224.253935248817,70.99669485925524,22.662210038300817,5,5.722507898413484,67.75422674589532,57.056040626683675,9.730446272018785,21.54137869216449,1
225.6210209967773,80.14125094093995,26.597247562270557,7,8.55194526665869,31.18638579168832,53.815971657115576,7.675075346905694,37.07248314061603,1
139.8727878049388,37.366539897272595,32.00092466536867,4,6.3265375413145195,77.39913781527625,15.128398129179491,9.532435614315144,46.582022380257165,0
123.39796106612334,75.70058437376103,18.124816041918645,4,5.162803842792868,77.2921481876115,29.63653716357081,4.858474852003506,57.026356665719376,2
252.3402888696284,18.850538956416578,36.27418487569442,4,9.337602299574616,52.129604765413895,37.668559487488594,7.280245278579626,70.99755983019233,0
252.52834866979518,77.71618333876145,43.70550787351421,6,3.2750441532842096,97.60138232792136,35.156623627577005,7.749499778048465,31.774743002369938,0
266.7680796450259,20.199092986558593,40.09329450020074,7,5.457838998183613,12.555021476265338,19.693153396844636,5.222847901803119,27.532987393908627,1
278.31013813911784,41.78298324482938,6.782847140676072,2,2.794172726199837,1.6947664889580993,52.940838558407734,8.93676464510941,77.80879684845965,1
177.83559971523445,73.78362926236429,26.622812626602304,5,7.679328845368513,77.0158211757096,43.84703914984187,9.630130240301735,26.482673562584427,1
175.37907367179992,21.993394187901902,9.72185802881787,4,8.926535865394055,80.71555373648826,51.89541874259018,9.19398582387203,48.70946420643135,1
249.5737947416938,28.340111618611317,15.892025713813736,3,4.460261306853426,12.020722912057625,52.93821396747361,8.173468831575608,55.13382372759811,1
212.4909826944413,67.7802054714453,49.39981669702159,7,8.508391737593847,26.55828329586061,47.41779268328699,4.9422527580746785,52.482465254446296,0
225.49171931442584,67.60292292368595,11.412299430568094,6,4.5455276132332845,1.755236336662891,31.960530062485866,4.971312294739422,25.16192942197659,2
248.94816735902526,61.29181063082378,27.449966905311022,7,8.875391131507406,29.33086107805647,40.527337750771224,9.743522243122266,23.421614840217163,1
272.50133545439155,65.515875557368,32.81700804431536,5,7.777733325177488,77.31418739186715,18.01827030598716,3.071991471549844,26.32900564766214,1
134.49878921288393,53.417955467807694,36.61092367448468,6,8.13434743789007,51.79605277125789,43.68227087374539,8.01234981269501,55.13526103235675,1
143.89573815998602,30.14392471255622,30.184190756911136,5,2.6260458892031817,34.80955931682881,18.96266278696404,7.943723137886836,52.66069325805927,0
73.49548496021725,37.65567948031355,5.439688133863265,7,9.239672499518182,37.17392949063303,44.69747952550784,7.358826786648582,34.02444752220465,1
194.57003524904349,24.527817344114055,19.690758870979636,2,7.586696944492263,0.1353625715468154,21.479908037698433,9.93076192260806,58.26644851073549,1
58.98556844918552,82.67604490669027,28.297023952312014,5,4.633257667702933,29.98005275652359,15.877565007510999,5.183156050346076,69.20405012333896,0
166.39950453311502,56.671343581289634,8.953992461517501,6,8.305762654011929,64.64587416379305,18.264224507147873,5.3798030465527376,22.494737590795626,1
185.66115867689416,42.06811334109119,20.778211904413133,6,4.470648388904509,97.41944438163571,10.099606760953513,3.552575820625889,49.887796612882546,2
121.6353130320711,46.96046429153061,6.494139895611495,5,8.609276876962895,84.70608269838995,45.93698089267651,6.099586955806162,61.358624726161416,1
197.7083151422527,85.78266716894522,8.536032371975933,7,3.288062732883559,2.3594964645529126,46.620052452918955,4.827339683643936,35.13871562418122,2
57.62506248476236,22.268112249286418,22.861547429071823,8,7.42580184222557,89.85606046748393,35.746667495662976,5.403706915243509,38.46625431758895,0
59.337047187303604,56.89838656134378,10.972208931937715,7,6.2848893365143725,78.3198413298626,18.068140052769184,8.842002531789394,56.81827417936303,0
255.65014016491457,50.47109431075728,30.539338171770115,5,3.1757412913680856,78.03761235709804,14.177716875534488,9.54839159469247,73.8761176066242,0
140.04766035281574,58.91633883477183,36.02592361117696,1,4.193256797811873,45.79957590035715,10.95644832186435,4.300131504036299,68.59546521817396,1
81.7651281629712,11.44881470566724,41.026401459908726,5,2.5868282539412037,39.80052929545028,18.287408848261038,5.607562520874261,54.98781314597501,0
180.5608150137011,79.76991271553212,14.006760991016455,2,5.78137575825154,30.29157288331926,54.54277674915733,9.500413934807758,63.81330306543495,0
242.4983882746527,84.56946259868899,12.53671620165814,5,4.608856825320003,6.569485895436578,22.07684208508409,3.432659224824558,41.88934821246792,2
103.95525687421079,55.21065468713672,9.705552815048012,5,6.688502390084311,22.82353634936991,27.71356636086078,3.6465236967796497,58.457931685925466,2
205.72261895475006,65.73206591015138,33.63936122946365,2,4.58066465396032,24.66036349780246,15.267274224066659,4.139536924443606,47.97089546765342,1
71.33686624844199,83.79995049418366,36.79140769191055,5,4.5994337805488925,48.40770697102016,21.118065237408516,7.166489838888124,31.396168187453654,0
62.92043029215192,66.57909074507188,6.421376517153892,4,7.702352391121224,74.7444406596694,35.96122853901026,4.053305897041982,62.10429643263543,0
182.838657892037,22.20312343314091,47.12955108096604,1,2.836999851848474,47.38098283979466,40.38763415478263,9.776534670155135,53.38787824092932,0
185.15878040252662,56.103068813345054,7.338707764316259,3,8.82026496634391,5.784444944716061,22.26761570831055,6.127001690809642,41.51729491721548,1
209.35747537455163,58.537203710628475,29.35833508854817,1,8.465847120738271,95.77898009882038,12.88660796125586,6.510625722451165,74.68035140471784,2
231.5228334306654,43.93045370419088,36.90772337529124,5,7.174632782584846,94.27243190941122,29.551643456369934,4.726610310637845,21.256047069603994,1
293.96301986563367,68.91553884997782,44.19361056857385,4,6.65255099075169,78.51895431484084,21.71016854631671,6.296721767043135,38.94638907496976,0
179.07508707529882,84.74936118152118,37.13391194595925,7,8.746117486977566,99.13279015642206,20.977696161490098,7.633395428459081,23.412883866658795,1
130.73911823531148,84.04548103254211,41.07776373814063,5,3.797311256701001,54.448233280026294,57.99314013567276,8.258239958678299,65.99163897329763,0
248.79654869217592,46.06714971233057,20.275258664426275,4,3.0527841353358003,96.27683502532061,40.815024296286204,8.27707657896939,62.12644724682755,0
117.70806281551856,19.05904366726042,41.66713011859305,2,4.176571189366767,7.560504061675077,37.8439221586048,7.045237788858619,39.88113312417902,1
159.74285517640902,88.78729591698676,8.605168087310382,4,8.06204795090133,36.568074826137135,30.788755176166095,9.330518424957,60.539774132424384,1
69.61409533556649,77.11184691567473,45.26674952272374,2,2.7426918670853833,22.538126800676583,31.447216671507213,8.721854931142765,43.756233571756994,0
56.33768585386438,19.97301449626135,29.64165692691813,8,6.579647845584427,19.583308413427,37.045250191904046,8.299336802890378,65.37522748534606,0
290.66210366948127,83.66735060938979,41.77839964831222,3,9.46806261333917,14.08029488926761,44.82149035180536,3.3892386517632245,47.25101976420237,2
258.99503012805144,79.59170896497027,25.354322803323505,9,8.489872656862776,62.241364156599666,45.107304809091474,3.0481457355375454,44.736783669899935,0
223.9935515234245,51.50704457008577,33.96099628384363,4,6.150119823305126,78.1321855747305,18.58469538527248,4.487130940368311,76.08379492929805,0
152.2382361035675,57.30203485959434,28.688119742125096,6,2.9454863650064964,57.82983994203607,35.005637603831346,7.644665157394166,35.05274599344202,0
93.32358001771144,41.920216309610424,37.921528478989934,5,8.319614600699968,14.696270958820968,30.597904751705098,5.878382422177821,27.226840399793925,0
89.10926066777151,14.380931105762507,8.67334919137653,1,6.692849557240474,81.11237699334708,53.52634831346921,5.816843815095182,55.07258679556749,0
112.56072454114883,36.815779331672076,7.715843779575371,9,3.3045309794169677,63.59547071637285,41.57094606091882,9.192108217607295,78.15930873705074,2
187.30666617653011,74.22827588784091,16.11964553045659,1,3.1570009937634933,38.81657061269955,36.62520332079909,9.268939936922871,42.6703528236312,0
228.6489806750156,10.370561840368229,12.179510605093476,8,8.867387736056147,67.4130295536063,15.769732108945869,9.3642268483751,23.72220581772689,1
215.0493441794328,36.679933735291534,44.23026049664907,9,7.184401840566549,25.990497924283286,40.28189446617057,5.197146535605191,40.358316038574046,1
119.9834742364857,41.85349548727547,14.864629431111995,9,8.305007595217289,34.51922084942105,15.86019528401167,7.837390689174832,50.355899259173505,1
288.7163201657985,52.99164823503383,48.91393651186091,1,8.652852301975871,91.74858431319902,26.860328778287602,4.901432268920587,29.715380397932822,2
234.47422917394212,83.58844931302085,20.160310629699808,2,6.5024064643382555,29.05045056714204,17.142098240716592,4.334268831521149,59.486133083389525,2
188.58851312785018,37.707679549276904,13.195306205991468,1,6.122124462285289,46.99882681579366,44.603682351218445,4.292427201431584,79.86496334061204,0
202.93018655858805,37.75625615169822,40.53643282141156,2,5.512991872246931,89.01411373960147,20.31260569180763,5.394753346045158,47.104368558886634,1
154.90001560694748,69.00009984877987,34.64184989753943,8,4.718626114537835,70.77213502675275,29.5929686594013,6.009703338458753,41.283713403812754,1
111.93274737528937,46.17743527118457,27.418807240391253,5,5.542171726010983,6.220322616470275,54.783738880938934,8.816644197385479,44.042250010068,2
138.99316966281538,27.968385835198557,29.991359792193407,7,7.917157590111095,14.730304427897034,20.215819169948514,3.8392376543089846,26.90877070371207,1
239.46152761609227,46.195161290615474,37.36408002225187,2,6.713464017105921,0.7841590771916818,35.39025319793896,8.14448093176426,72.99641608557343,2
53.598372157438966,21.26856163038399,15.280463359908442,8,8.747663029683922,63.09217902291634,30.9635830583011,6.720184399325138,44.889539331281114,1
79.01816012672906,24.110958920497865,49.83502622255339,6,5.603660100654314,44.767342541041835,10.906202052286487,5.015617398731948,43.236464685490475,0
61.50066050543819,49.869421819158376,48.86569229660524,8,6.749627051031278,13.427485090227552,49.63790567864064,6.449737091729772,59.58141637582846,1
60.182200579742535,43.514035960363834,34.26465588561216,1,6.919152871643921,95.79341210567705,13.452295315729987,5.099594488439159,46.52200525586741,2
263.86514600275177,83.187672085448,13.979410291811531,1,6.6418801361442785,52.96597239456199,33.71275104884768,7.172573686668142,58.894008128470766,2
225.9144648450059,38.99151192933065,35.61027090940811,7,7.4184364115986146,24.189329411288917,38.033914746947495,6.036907459986709,23.686777407847252,0
168.5434572718313,56.44706802224348,8.248928404062912,8,4.1620342786236435,50.06035711547076,41.42132283072935,4.150838703552151,68.82340062333364,1
74.45854016275037,60.58114303356243,6.379362599261273,3,6.086546442820534,67.96203327351078,44.431581465393776,3.816081521889877,76.43023717276415,0
172.90396877920807,11.047556527066691,16.595729983004617,5,3.2295736196584337,7.623921797356448,22.663619176135754,6.826869774504911,58.925923169563156,0
168.36794269514144,63.08298976133685,25.818033053269232,1,5.191579293513688,27.4703815047892,10.49893883292247,9.316891233002725,77.27395573152864,1
93.30046747750379,24.242877349580112,44.072262743377124,7,5.913669480348851,80.69654908839937,46.1721831177456,5.4077038059037985,29.0859388621978,0
158.46291230949328,86.88562539755641,37.72260813948386,5,7.065569816818307,45.966487040266124,36.78282996737893,8.131000750558362,48.64497136882122,2
149.62618359934336,21.893018220249036,38.42179345399914,8,9.153717368103425,54.65771420322949,51.805885160362436,7.610629484578369,56.10840403672684,0
203.96252451305412,43.1699298981619,24.14720005016339,8,6.704557465838491,43.28160022094693,51.06941814503472,9.520884400166366,54.9041988452712,2
208.77341271691094,16.82797344629151,20.56707466461333,9,7.705157413235918,4.389994264300512,52.16630838939416,8.746867121093986,44.087706745342594,0
61.32600244301113,89.74994014767579,21.696744334307123,7,6.043862416466419,16.574977982015593,34.254732998977005,6.966236812338241,40.28506456197569,0
143.6531536566178,50.175600826499405,49.444230368122604,1,6.938728219634319,44.554163874189086,26.681419791843282,7.599213487638751,27.609441353025126,0
206.4649789285591,57.630801385603505,6.804913613561712,3,2.996525512936414,20.918546540792782,49.5779101295685,9.288705266088243,43.50454703373669,0
175.78406464502194,15.366118191074198,44.01641732551018,8,4.280741065892929,4.997902865967873,32.564705651462745,5.796631492108544,29.759648906329108,0
264.1224602970806,69.99683763193423,31.040393385757703,3,5.032971652435971,84.36496640518237,19.172109820171727,5.287562941004442,64.0619405895331,0
214.67340790473625,26.79244744764686,24.73769386353157,8,5.807453485045595,98.11925291641158,52.748700978073714,3.0756775854463743,32.529856129675395,1
90.73360677035743,81.84434315525709,37.636594718681145,1,2.819541218516686,79.31428739967394,54.127993838617364,8.78585751934025,23.513918317072033,0
67.64218685010746,26.411171238560573,26.90010236411163,5,3.4801686828732237,85.3784921704667,33.31548780700851,8.606864902823554,53.14196826903406,1
210.6048195515789,25.255017653093326,44.304045713674725,4,4.43770015453914,24.197713031704538,13.784986365489374,3.73118162670106,55.7137839631641,0
56.62782763540545,12.92397342784759,45.53158388050663,5,9.300728836307353,96.06269755131997,29.391304495846562,7.038001667928902,72.31478367683033,2
196.44389531836583,47.765355608799936,23.977441709305495,8,4.819429049721355,19.692570445342838,50.17688297313017,6.247871887168212,54.61889674506091,2
285.0575603562394,55.187290661009314,17.457250875577323,4,5.874287406784578,95.14298103618323,55.088701427311435,3.83096366856378,40.72885122340674,1
193.86854446896973,15.25669115426819,31.6557647867013,4,3.872683989168751,99.4819293965951,20.17363712487979,9.863977589425065,68.18071289157923,0
147.0424815516305,72.04220933560084,46.05635055275109,3,6.775460497530378,71.17228057460487,13.348680601263576,4.5028712122434875,52.41673359124526,0
210.82205461058828,46.26310677984221,14.479798505254996,7,4.464782508611821,98.1143731791822,53.86752265664193,3.470639260633928,24.756817077871503,2
164.56322262287915,51.951221546206405,33.03349626035673,3,3.9489480490689877,56.95397795671037,29.470246948943764,7.163931656513367,53.951033618794796,0
186.40419732898374,45.26101975505825,33.42020990416343,3,6.116008399121854,25.954178317609035,37.08804821337816,8.172066739931228,74.48111272529974,0
285.3662021941313,42.06104487002608,37.99008600868764,5,2.5385405941229457,43.699588566562085,58.40329060253794,3.2271041223303087,43.778757529893234,0
146.52565945019356,54.771226504657434,10.920545830726692,5,2.5536482285445774,59.35609353787859,13.328236395711142,7.611023471089155,37.779548113988,0
290.2976409559785,22.419219674457,37.212123410693984,6,4.033481663713005,7.308156202701499,42.41590037260478,6.726043131660181,28.608167421081205,0
276.33766048901595,24.55425043962169,45.906463429953845,8,2.7570495375057478,62.234326461724606,13.705271128743354,3.7228550621253387,29.086731316121437,1
98.94778369732411,78.94284968108138,13.085739899160888,6,3.2561802789148397,98.11778367622945,28.77344642332502,4.207667138624535,45.96628906050913,0
67.34032521879136,85.68923697069062,15.689449621574493,1,4.872024545371261,19.010764978372762,50.190727259672336,6.9758200812125635,55.740789449691775,1
75.19450034435667,39.864745302380236,48.71277923187378,8,8.11809975705869,79.25951162883833,31.67361163778172,5.074503294593018,24.836924310176105,0
54.55545641288743,31.659573851484303,13.14396287192704,8,6.504340503585106,90.78987937796194,59.85911769514752,9.568210100559213,76.37411534150993,0
73.6107401889821,61.51996345912126,43.447329201631064,9,6.088674081694915,94.37015928202209,37.95296424733011,8.731181606388356,65.30801704671175,2
220.7516933540892,42.698733687847714,27.152503540161565,9,4.554421762456851,96.01356044054472,26.058107631797675,9.884970445595641,55.19743509701976,0
67.79716211505725,12.030908452827589,16.125398348142966,2,9.022276036029716,52.14596387214719,21.005566295237657,4.817695872652898,69.70632025633945,2
129.7439075734403,22.49220778929523,44.183745557263016,2,5.279105288660341,97.73079079915037,27.52602671430809,9.788065429585838,24.8112054087268,1
261.2188277423636,67.2777783077918,25.038736475119947,3,3.1096493675704004,75.73102071344388,28.62666368797754,6.018637088540905,48.610332663987464,0
55.81798393395647,62.71391535281211,28.166780926836058,1,6.819465612824609,16.16714362369619,13.43568388619805,5.432631567196283,57.805587611699806,2
253.61712064723395,12.16767940027868,21.165501622989456,4,3.29686875433621,47.690010646797,28.47870997133866,3.3524466887854727,69.71917436709735,0
120.46369369334998,27.757772954635954,31.682788314571734,4,4.916561999611845,71.8331175372004,33.21192598696125,3.3693568050172185,67.00817360295606,2
79.54120690541407,28.485983727045713,12.358574266326023,9,6.051883571024662,24.734031581908333,46.13688761194023,7.844078791626583,36.62415498280398,0
224.18429134103766,63.751419487898275,22.598669149329233,9,8.61955767279623,64.06151835488873,42.8364742360804,6.205502961038196,76.45281017355225,2
207.235711694971,11.576843020349132,48.62355450508794,9,5.954826062380831,66.66004790466192,45.438282761457714,4.58565138225274,27.460750485852223,0
269.36800338176323,18.32868655876591,16.61600447155074,7,7.41581136222165,16.26997438085659,10.418184093842855,7.297792144276628,72.50801711726913,1
233.76776095097145,73.99328682985515,34.55314990435815,2,9.449717872993492,56.50853124527563,20.883369979026803,4.7700068277507786,78.25641497627711,1
250.87023259621213,24.28357296434669,19.633552890111268,5,3.4204238392858715,77.16269109786077,43.084214419992826,7.043422280410958,30.629211393357533,2
120.50864314282663,62.219688628149974,39.80629065589703,4,4.423120678636637,49.88956645359419,34.19946840898736,5.514461228878832,63.323963852227116,2
94.35988594493071,29.05462248373812,10.889314732325742,8,5.262032529183525,1.2103116776107425,10.265673783417297,8.764865586282733,22.41713112667991,2
237.6536879102146,17.955311420747613,48.64194702853451,2,5.45279724977182,0.9038469079292177,50.22473212159112,8.744873125367455,44.3253695083493,2
251.708684816816,29.453775279956325,25.420529362263768,6,5.3771475268588205,35.702934397001215,48.64047866451687,6.341452786856809,50.97699795186044,0
297.62628550016836,67.78135454845273,15.622270850590878,5,8.853277017895884,92.6194068431782,37.42095814967813,5.455733765345109,54.83871355457804,0
153.15441922785664,78.45571744850287,8.307353629850569,2,7.498228511267995,22.867677960360876,13.323166288813606,5.537918575913662,76.15623489491357,0
143.0045214481958,76.41758916535933,12.639105728939334,1,6.755336498634926,63.43636888716871,48.32575247662923,8.640001679677525,60.33504123765168,0
244.1032401854992,41.77468236947639,28.389827685020794,8,4.665609025039474,22.207587069332057,39.1856793865682,5.297256379583284,48.87667707315422,0
135.20088506325447,63.44681092565169,20.165142939407886,2,8.266532689549063,32.16699896595486,49.097998857897956,4.463415615947922,68.58050217595336,1
282.6893314008912,26.398743633265678,42.299751464717424,7,9.185423580394922,84.8042089601484,47.58734961979202,3.592818393127148,77.03196925726454,0
264.60318796075296,33.45181842088106,24.389938564781268,9,8.248387977851586,72.88614422699469,50.15010359789186,6.266851846190859,21.32396892093745,1
157.24850684375457,81.70686548168958,16.192142266443348,9,2.5109557363403106,9.539927731321063,35.90040332023124,6.374924692438893,78.95127633536232,0
237.71776694787434,11.040153880858883,32.77152439718135,8,6.9548095912838495,42.87020209864336,17.01622590967575,8.88636097282035,25.16792834382082,0
238.6357185211706,16.840682468357446,36.80497475984507,9,2.8579476700947053,2.916976364526447,43.557873668984435,4.548670875122448,68.86320675612568,1
75.78096720898316,26.630900411682184,12.516885855542743,2,4.303250542336053,48.0890146603009,41.02368925259853,5.6669389156787995,36.82008515308475,1
275.63822666989165,12.122576309905577,12.542864732974294,6,2.916672902434402,66.24340117010681,47.11265935995436,8.658840172255836,27.930779465232305,1
176.3130931119643,24.514834807183785,6.650214212009434,4,6.726568170645714,11.850262359815156,18.494050302536763,8.765365275242814,46.39133838283009,1
256.61436652693544,56.643324877575374,38.13809067795383,4,7.306129394448248,28.888493890916568,19.74875999501446,5.692277531851378,58.637394766856815,0
130.01240025765293,43.713964047399834,34.87120374298123,5,3.301413466461336,39.783662550215695,54.52047586096642,6.213868163006766,42.8571107014085,1
273.8808071240501,81.41373688615799,26.358389408741626,3,5.186872181314857,91.95310246560497,47.49888992260354,5.12300123594498,23.27392449696194,0
147.30041968354078,75.39548493907527,42.987670203613874,1,5.693655562688794,99.32550154229641,55.411424435016144,9.527884148935184,55.967668379523,0
52.70941287007459,37.34538813583008,41.255156882752395,8,5.083371152326416,4.491129899561585,47.93576605819604,3.830506360191062,74.14419656664049,1
276.3454941048159,30.7538746745034,31.34094639785385,5,3.347175003396351,76.1007923495392,39.857765299515094,9.536245961010291,42.992921956835104,0
72.82166919653339,40.375392653381354,44.07220762309664,3,5.432634531312328,37.17240664023432,42.70663685139368,7.787065162847402,32.97996665784962,0
129.8284093976037,57.22359540118462,14.26285445165457,7,7.758246334658927,39.245818622948,54.456396197000494,6.721005068807118,46.55464075596892,2
287.51549176270123,31.4450912658301,10.036382872897754,7,2.9970536517327884,75.42649733470228,38.940337725597026,3.228613425491471,22.901762662926853,2
287.651786734389,59.93191262793072,17.138732518264533,1,3.061260098573324,91.84264321454087,41.61956621641937,6.329173342754058,69.22925506881649,0
193.35947203082154,42.752932175299236,7.568908524019168,9,4.9833990428518895,95.09285945025483,17.823835800180028,5.854236735019126,69.5804486570112,0
207.95930304244982,54.16377446815842,28.90262876004644,2,9.092079981332475,57.712258603832076,33.696061005805134,4.128531683825858,55.280027805777706,0
162.11138049457995,44.890122330825335,47.14725615327327,5,7.180008527060398,35.71211593005028,45.81985559790495,7.594867224504599,41.18617333630337,0
123.30269292451614,33.55726076335341,6.770459330082934,5,7.250689696707954,78.75490858587793,23.54713491581827,9.798056351578001,67.987001866747,2
132.16613634247898,85.87626455697253,10.494946130451206,8,5.033439935865054,25.100138326230027,20.112709026226746,6.935321677451675,53.281221487302034,0
218.1296140192596,71.08846353278086,25.348956272754588,8,6.655625538459769,56.40740288335178,25.69134041122078,8.00327293510762,69.55593851300097,1
238.09363235942,21.209054061316202,47.02437578875572,7,2.5709182881942034,35.85784615248732,22.075031399641674,3.4791531679621173,57.88752755498124,0
247.89476093146214,79.47743807183302,19.227024723953775,7,6.952672324866795,65.66310737078761,20.745631851819795,5.923668970718963,67.06432839276783,2
247.40453569863848,48.99449585996109,27.82556639097766,6,8.893008633033658,24.03989128935069,31.242542143404346,3.814509396151471,55.9137795930656,0
72.80152576217259,81.56417815152732,6.870778657267644,6,6.788014278413734,19.159294573482576,55.391925694176706,7.289570848755573,44.84846409293998,1
173.60507617564537,73.98842047578522,11.675444043293998,9,8.615890154264415,91.8239086675437,35.35298233693591,9.569375107499082,77.47675159556826,0
64.38969000416107,44.017080357538674,49.39835553314811,6,7.5678113882626565,10.18036829495369,19.396019040766152,7.632444127301469,52.46682949273068,1
187.38222058093388,11.797544665609392,48.430341339622046,2,3.343908914825832,50.595790773493164,13.848583469043703,3.5376213382009505,56.305371112432304,0
160.38262534334427,31.494188750795686,5.222299142048433,2,8.817173151000892,22.085278296300892,44.80780725689626,5.48266343489558,33.229258364884956,0
271.92604568957495,53.330737172869355,47.83153034404575,5,2.965106910490424,3.892996332566745,29.139938221819392,6.854643656085961,57.53904736563659,2
137.72875313801967,60.67825758609178,33.760397201697515,4,6.237772307834346,3.601881829142639,51.09154732926796,5.822454292932766,54.29645896897663,2
79.26675410690146,30.631014834656185,44.056323253401,2,3.4949598665542037,17.522177210582733,42.97553843203851,8.835508073326206,31.090303876821498,2
85.74792051320897,21.14848592582593,25.46329350352366,3,2.5819462751163282,86.67703545060003,49.81207252706842,8.702697032969924,23.575225841188622,1
240.37765792936807,76.79441894394392,28.20182128606626,7,5.4542398208934735,28.247874397702667,23.597301970922437,7.28281714072255,56.261559182886266,2
204.55451582906525,88.75217445628417,26.99809611156141,8,4.565284953579093,95.04591705752958,44.6179461230529,5.614205615928936,65.82153616101922,0
75.28066903069757,52.055214584214866,35.008891589574695,6,5.902003456583222,58.16222929891936,23.203099234685936,4.787354616342709,51.40408225532049,0
71.02670152874936,23.734342867864278,11.284306464034081,5,6.5403992071418555,43.66141897687661,56.95342397251458,3.7411202274919053,33.606357519178744,0
225.24228286478,31.784586121549516,6.348811544270507,1,2.8061735061626316,58.00888346694546,41.81871407666872,5.4842837844058785,59.991318601582094,1
68.19075159104838,11.471254123797339,18.856847371603592,8,3.3610230658662195,51.669838522626776,26.225590008767103,5.892207620454037,24.806343596576134,0
255.46501482258904,83.14390452483993,36.7106343231491,3,6.4104967751529776,75.87762537573252,23.47559311461363,7.730760475728515,46.51002228811728,0
226.56055678912406,19.42008663121129,14.083405345532677,6,4.902171472208607,28.249606597285226,19.546329253582176,7.607118770083014,29.80200550390521,1
70.33719516047495,56.121318041140285,35.30445949962128,3,7.604214412846136,35.30503916003024,44.73204794468639,3.4907569774887985,31.067543063593,2
71.20942852129798,31.92441765497648,48.64604207482717,7,7.066041540143578,89.40943025332507,20.935780649896365,5.766815208018104,32.13763694949222,0
296.6598946252939,54.33424020126347,9.225532210523827,7,8.419230540929348,94.64565131504055,39.76516329637445,4.272452070521533,43.202423422638674,0
143.5676989390301,62.11363106814914,35.26709532013068,9,7.347449786684577,89.25582274864745,23.231751346267867,4.09768893721764,23.069012337223857,0
142.66053676672271,76.37934429657614,24.968759868705703,5,5.509517541731037,41.94479939573136,43.09844723969343,8.791115048160721,43.86760645574589,0
253.19989181437563,26.513701740848255,44.06640144698774,8,7.2107663567610265,78.03655030068816,50.74698642702696,3.2934065170138025,50.70244682688205,0
286.81214434596467,10.879666292678438,12.971740525132365,8,4.42766821978793,47.63357333010988,48.90126215723266,5.93428013131485,48.99765709797951,1
296.50026595571774,20.950850405504582,36.168167850177404,1,4.644194491447489,49.75398521461022,48.042566546539085,4.177425590365628,42.96704602418244,1
238.3445463147354,82.0014913478484,42.71518803416496,5,8.022896119445553,20.468010905728395,19.386120284612602,9.155311509749318,70.34879648424516,1
144.06489638272893,79.91120620500122,47.50763987633105,3,5.624936614811075,59.113030325851646,14.419247349225936,6.899283592925245,28.719601545230248,0
70.8751791746672,57.79304817362466,35.74616127303406,1,8.088662383628467,18.613589775334795,44.94744142436928,4.619664454637936,50.341804626882436,2
244.2867289818592,58.04134883469227,27.37286438037923,4,8.25695661567795,33.15646990671938,28.417360689717565,6.5169910101646344,23.722485017393257,0
189.60106243395126,63.20293396370044,32.80312580905462,8,8.502936363628987,85.50302016199352,31.617311320167364,8.120404517921811,24.269340732674586,1
156.05550231174408,24.029702289875967,44.10072430154232,3,8.916446650888451,20.707580921085523,11.557454639669553,9.706826062436036,54.43195098062578,2
276.588596273684,83.15295567399679,30.677438598747337,2,5.516896543593074,7.115828517343282,22.978822463752458,4.543122029717932,53.96110549326926,0
77.79937057653784,43.50164199136585,6.367417686357658,9,4.732067728247972,6.90075926128163,11.683820193723202,9.203272404905416,72.68201077066742,0
173.15627607271477,40.65108225995979,46.892691297814004,5,6.575391226158797,94.07845205031079,53.95928863006238,9.540128799172432,53.47242053960439,2
52.83841119185477,51.513416422627,36.02870379642025,7,5.098206964063393,50.69204379618346,22.169834160926523,9.414943811724463,77.58746122429102,0
167.16516049853158,13.757277342004404,35.443102359976095,2,6.707519167601631,40.941207181701834,37.8668584786504,7.447900498033369,22.921690903995785,1
64.07581892045934,23.302669500486353,14.705381857897272,9,7.439101038506772,81.08785810079185,11.948966033056521,7.408744581042954,25.880461086844463,0
79.70447906701799,69.04268931410964,34.64984616046958,9,7.318835129444958,83.5825927910516,43.3423695652829,5.822474432286759,22.643951694222885,1
79.38156169427623,16.623893434010117,22.72389825443713,4,5.12187020914085,33.21910331156046,26.151367287704694,8.266785176126515,31.1166110200124,0
212.30257552901588,58.252168757311054,34.30548396686714,4,3.66802141189127,69.36180574737952,54.89595934788329,6.719058128456524,52.476206656500686,0
236.51121981635583,29.627928774505676,9.796686363859582,6,5.513705369235453,77.11228158518865,54.40590944670179,7.742066498598061,58.73433088564568,1
195.84219127428992,41.143649123358124,34.60303870713662,6,3.498159008573361,65.46506868659546,26.264530918087388,5.999205326941568,22.73510947692013,0
290.5431371186355,33.09549894165599,49.973617659679995,1,8.730679246286659,15.159507480009937,55.04804478452339,8.120475248301974,76.75825339073596,0
143.717644880926,38.45381731719593,7.169541748725021,9,4.921142225165002,87.5883083517057,59.80788367493894,8.771300623231843,70.52992259902285,0
121.42802157046518,67.52367241473964,48.97283828995928,2,3.5812182305632665,53.90945527360087,51.2707832061974,4.025053796219713,37.79674892942559,0
267.1497820473651,33.769737249854,23.310858232529178,5,2.678134319340256,28.24724263700037,52.24356738776145,8.830508009019596,24.63125181358808,0
105.89895962986316,55.312371223751775,44.18390526517666,9,7.0207567040053895,42.52281854376939,22.450436805454494,6.78207572253215,30.19322439314344,0
290.80563486015285,48.08403217592797,40.2073467826223,4,6.9583162221832024,3.757109039890738,38.835119942887815,8.912661363631571,27.61666482529836,2
53.038618672454085,63.09369322901185,30.51573174440005,3,4.884229166069042,12.786680122241755,13.362795698368393,6.019111944387102,27.39702675793681,0
292.46970667690977,84.94637914598064,38.23021441630969,7,3.001983221933557,76.55467505158609,14.745896841083486,5.653283397681245,51.113701319944035,1
60.78997798764403,68.60576777682002,44.533200258560655,6,5.367402264266624,0.0011634755366141114,59.94463060166453,9.405425127620557,34.75084654960402,0
272.78577842451773,27.195230287260543,23.186314474296484,8,4.678522465443756,41.65658284822922,26.331962471295547,4.758184872838809,41.488382991748665,0
181.92527727157497,12.494650804902774,19.71649227034574,3,7.2398444781450655,52.251018108558846,47.40919560244232,8.909486277003001,79.37032000305935,2
298.2411990298251,30.98112354398601,35.04170235036131,5,6.740454746168832,5.4634420000972295,50.33325265134082,6.388144007565829,61.058854935520685,0
68.44914118384972,57.60623445602039,41.35306738735664,4,5.05215609738278,97.30781629723329,52.90116355036146,6.598668097858818,76.93884002282007,2
188.4635711003302,14.114065078740028,39.30283106494771,4,4.0252478797849305,22.612533124967193,59.881414870107825,5.159277970426388,28.553393301986937,0
292.32563390477475,49.70929977609891,40.901614198638555,4,9.416251763089143,30.419871963628086,22.074824262843393,7.01129540433311,42.92836848995415,1
180.7744610425372,57.74742791335114,24.601249166581987,8,5.678011348372804,30.39425122550273,12.017541342984986,5.276478373933479,53.283908196941255,1
207.34965953381564,36.73951126535687,41.802539727875974,6,7.3179196504616595,23.04166621173499,30.5595758997293,3.274885899691566,24.605483713324283,2
223.9371722461543,71.67297629966575,10.40940749167738,3,3.483870773048525,0.1473822086311416,16.50403349144735,4.9039902374104924,20.251246617677474,1
163.6352661919433,18.527860250701742,29.50200940823823,5,5.899127897615784,72.93447940879963,11.121294458102756,3.0446533038461348,60.22606002781505,1
206.88952002101587,16.0110225388647,5.259139722415471,6,2.6927570390862585,96.68454997992853,28.021341357074306,9.848483509397997,58.50917100808612,0
196.07857798077507,68.25510049628826,19.606362345512164,5,6.03818582537315,22.429348328504506,49.18691255376182,9.760230468738232,44.6473285999767,0
275.28950262274725,49.63930529649588,21.490769069212906,6,9.248121849823917,66.30471918034225,38.30903456125354,5.766087082306136,49.37864456192196,2
61.36159508536447,65.07219171421889,22.827771122416493,8,5.189446990900602,74.18963269587151,25.638899460517703,8.098595980377521,44.926580035525376,0
120.24079739805758,44.7861870882997,36.2960243010438,7,2.772972088024381,84.84253790905247,42.71710027463598,5.420642688872975,21.440302690693333,0
287.6028710191397,29.712162659128545,22.48511455716556,5,2.716690536435405,42.262919701360914,21.600909015440536,7.697652099601832,40.122296373047746,1
272.5659459727291,75.52818541393597,25.19121301801388,6,5.215907319628086,30.293090564042924,10.719072303604252,8.638010301321854,30.62493532383739,0
163.91418819642823,73.95327031751833,15.689485889344736,4,3.6201745552423583,32.52951340230311,48.21766932182137,9.627293712845685,25.905451346082124,2
205.03314945038417,65.57571766835414,21.796330623320305,9,2.6634646742973014,71.26213330985128,41.18715424320045,5.801485930947704,77.403226033361,1
119.34529574528317,31.771610978397014,15.227133226841817,4,7.793495297651238,81.6779466505636,48.115131225047996,8.483085880692334,55.96158350252993,1
97.03028993094033,57.21845334952697,8.293816569579963,1,5.709661062173234,18.161396775660265,11.94690083438328,4.861499154424831,63.71937705419616,2
165.92460123499552,38.87791175520214,32.155186702162005,7,4.5247134038085814,37.09410081577652,51.85598139153261,9.932326126555537,38.92182459596705,0
138.33805700651322,17.326565866130732,35.06957593497573,7,8.800582281115364,90.19401967491501,40.976310001815165,3.1803871913504578,43.588827769640915,0
195.91402796271802,83.38508603697943,32.87706557043265,4,3.3129727214036793,80.66935196947392,38.169767535632005,7.224701645507847,34.215439633803406,1
69.4336592412462,20.945490473516912,25.857231971025755,3,9.191431802687234,98.48584027624759,41.230702405726575,7.61654187155929,25.817940257925486,0
293.5987019165416,86.0189883056642,22.09036010806534,8,4.69776702164147,75.42482596820807,53.2216623434182,7.816318899518902,30.741898246495026,1
296.5526861199007,45.68046183663646,43.850014230732135,5,8.718825706160768,39.319520102792225,39.34682532794535,3.842713051523623,67.85084271778915,2
